,text,highest_score_label
0,Please Stay At Home. To encourage the notion of staying at home. All tax-paying citizens are entitled to �305.96 or more emergency refund. smsg.io/fCVbD,incentives
1,BankOfAmerica Alert 137943. Please follow http://bit.do/cgjK-and re-activate,invoking fear
2,UR awarded a City Break and could WIN a £200 Summer Shopping spree every WK. Txt STORE to 88039 . SkilGme. TsCs087147403233,incentives
3,	YOU HAVE WON! As a valued Vodafone customer our computer has picked YOU to win a £150 prize. To collect is easy. Just call 09061743386,incentives
4,Phony £350 award - Todays Voda numbers ending XXXX are selected to receive a £350 award. If you have a match please call 08712300220 quoting claim code 3100 standard rates app,impersonation
5,Apple ID: [BUXCX7GBVwWCcOD Final Notification Your Apple 1D is due to expire today. Prevent this by confirming your Apple ID at�http://verifyapple.uk Apple Inc,urgency
6,	Todays Voda numbers ending 7548 are selected to receive a $350 award. If you have a match please call 08712300220 quoting claim code 4041 standard rates app,incentives
7,	You have an important customer service announcement. Call FREEPHONE 0800 542 0825 now!,urgency
8,	<Forwarded from 448712404000>Please CALL 08712404000 immediately as there is an urgent message waiting for you.,urgency
9,You have won a guaranteed £200 award or even £1000 cashto claim UR award call free on 08000407166 (18+) 2 stop getstop on 88333 PHP,incentives
10,"You are being contacted by our dating service by someone you know! To find out who it is, call from a land line 09050000928. PoBox45W2TG150P",urgency
11,"This is the 2nd time we have tried 2 contact u. U have won the 750 Pound prize. 2 claim is easy, call 08712101359 NOW! Only 10p per min. BT-national-rate",urgency
12,Dear PAYTM customer your Paytm KYC has expired. Contact customer care No-6200992462 immediately. your account will Block within 24 hr. Thank you PAYTM TEAM.,urgency
13,	Please CALL 08712402779 immediately as there is an urgent message waiting for you,urgency
14,"Dear customer, Due to BVN system upgrade your ATM CARD has been De-activated, to re-activate, kindly call customer care on 08065635084 for help.",invoking fear
15,	You have 1 new voicemail. Please call 0871918154.,urgency
16,	Want a new Video Phone? 750 anytime any network mins? Half price line rental free text for 3 months? Reply or call 08000930705 for free delivery,incentives
17,U have a secret admirer. REVEAL who thinks U R So special. Call 09065174042. To opt out Reply REVEAL STOP. 1.50 per msg recd. Cust care 07821230901,urgency
18,U R entitled to Update to the latest colour mobiles with camera for Free! Call The Mobile Update Co FREE on 08002986030,authority
19,Here is your discount code RP176781. To stop further messages reply stop. www.regalportfolio.co.uk. Customer Services 08717205546,incentives
20,	We tried to contact you re your reply to our offer of 750 mins 150 textand a new video phone call 08002988890 now or reply for free delivery tomorrow,incentives
21,Congratulations ur awarded either £500 of CD gift vouchers & Free entry 2 our £100 weekly draw txt MUSIC to 87066 TnCs www.Ldew.com,incentives
22,"FREE2DAY sexy St George's Day pic of Jordan!Txt PIC to 89080 dont miss out, PocketBabe.co.uk 0870241182716 ",incentives
23,"URGENT! Your Mobile No. was awarded £2000 Bonus Caller Prize on 5/9/03 This is our final try to contact U! Call from Landline 09064019788 BOX42WR29C, 150PPM",urgency
24,U have a secret admirer who is looking 2 make contact with U-find out who they R*reveal who thinks UR so special-call on 09058094565,invoking fear
25,	FREE entry into our £250 weekly comp just send the word ENTER to 84128 NOW. 18 T&C www.textcomp.com cust care 08712405020.,urgency
26,Please CALL 08712402902 immediately as there is an urgent message waiting for you.,urgency
27,"	Thanks for your ringtone order, reference number X29. Your mobile will be charged 4.50. Should your tone not arrive please call customer services 09065989180",incentives
28,My name is Theresa & I have 7.3milion Dollar to transfer to you for charity work to help the poor ones in ur place india. Contact memea.theresamarie@gmail.com,authority
29,URGENT! Your Mobile number has been awarded with a £2000 prize GUARANTEED. Call 09058094455 from land line. Claim 3030. Valid 12hrs only,urgency
30,Todays Voda numbers ending 5226 are selected to receive a ?350 award. If you hava a match please call 08712300220 quoting claim code 1131 standard rates app,incentives
31,WINNER!! As a valued network customer you have been selected to receivea £900 prize reward! To claim call 09061701462. Claim code KL345.,incentives
32,"URGENT! Dear FL1PKART Customer, We are trying to contact you. Last weekends draw shows that you w0n a Rs.2,00,000 prize GUARANTEED. Call 6299257179. Claim Code FLIP02. Valid 12hrs only. ",urgency
33,"Please call our customer service representative on 6200992462 between 10am-9pm as you have W0N a guaranteed cash prize of Rs.8,00,000 FL1PKART TEAM",incentives
34,"Dear Voucher Holder, To claim this weeks offer, at your PC please go to http://www.wtlp.co.uk/text. Ts&Cs apply.",authority
35,YOUR CHANCE TO BE ON A REALITY FANTASY SHOW call now = 08707509020 Just 20p per min NTT Ltd,incentives
36,	You are a winner U have been specially selected 2 receive £1000 cash  speak to a live operator 2 claim 0871277810810,incentives
37,	Do you want a new Video handset? 750 any time any network mins? UNLIMITED TEXT? Camcorder? Reply or Call now 08000930705 for del Sat AM,incentives
38,U have a Secret Admirer who is looking 2 make contact with U-find out who they R*reveal who thinks UR so special-call on 09065171142-stopsms-08,invoking fear
39,"URGENT! Dear FL1PKART Customer, We are trying to contact you. Last weekends draw shows that you w0n a Rs.5,00,000 prize GUARANTEED. Call 7044518857. Claim Code FLIP82. Valid 12hrs only. ",urgency
40,You have been randomly selected for a BestBuy gift. Get your $1000 gift card at www.bestbuy.com.your-a-winner.net/?id-ichrfcycylck,incentives
41,BMO have noticed unusual activites on your online account. You are required to verify your account details.www.97bmo.tk,authority
42,"Your tax refund of �349.14 is ready to be claimed. To access your refund, follow the steps required. http:/bit.do/Claim-Tax",authority
43,You have WON a guaranteed £1000 cash or a £2000 prize. To claim yr prize call our customer service representative on 08714712394 between 10am-7pm,incentives
44,"Dear V0DAF0NE Customer,You are a 5,00,000 winner of Guaranteed Caller Prize, this is our Final attempt to contact you! To Claim Call 7908807538 Now! ",urgency
45,"Our dating service has been asked 2 contact U by someone shy! CALL 09058091870 NOW all will be revealed. POBox84, M26 3UZ 150p",invoking fear
46,"Loan for any purpose £500 - £75,000. Homeowners + Tenants welcome. Have you been previously refused? We can still help. Call Free 0800 1956668 ",authority
47,URGENT This is our 2nd attempt to contact U. Your £900 prize from YESTERDAY is still awaiting collection. To claim CALL NOW 09061702894,urgency
48,"Your Number has won 365,000 pounds and two mobile phones in the ongoing COCACOLA/UK PROMO. Contact MR. Billy: cocacolaclaimsoffice@yahoo.com +447014233755",incentives
49,	Loans for any purpose even if you have Bad Credit! Tenants Welcome. Call NoWorriesLoans.com on 08717111821,authority
50,"	449050000301 You have won a £2,000 price! To claim, call 09050000301.",urgency
51,Please CALL 08712402779 immediately as there is an urgent message waiting for you,urgency
52,"URGENT! You have won a 1 week FREE membership in our £100,000 Prize Jackpot! Txt the word: CLAIM to No: 81010 T&C www.dbuk.net LCCLTD POBOX 4403LDNW1A7RW18",urgency
53,	Do you want 750 anytime any networt NEW video phone for only five pounds per week call 08000776320 now or reply for delivery Tomorrow,incentives
54,"Pvt Finance arranged on cheque basics 4 Business Peoples, Traders, Stockists, Industries & corporate comp, P.M turn over 20L. Cnt-9840139557",authority
55,"XXXMobileMovieClub: To use your credit, click the WAP link in the next txt message or click here>> http://wap. xxxmobilemovieclub.com?n=QJKGIGHJJGCBL",authority
56,"	09066362231 URGENT! Your mobile No 07xxxxxxxxx won a £2,000 bonus caller prize on 02/06/03! this is the 2nd attempt to reach YOU! call 09066362231 ASAP!",urgency
57,	Do you want a NEW video phone750 anytime any network mins 150 text for only five pounds per week call 08000776320 now or reply for delivery tomorrow,incentives
58,Todays Vodafone numbers ending with 4865 are selected to a receive a £350 award. If your number matches call 09064019014 to receive your £350 award.,incentives
59,"Dear V0DAF0NE Customer,You are a 5,00,000 winner of Guaranteed Caller Prize, this is our Final attempt to contact you! To Claim Call 8536074310 Now! ",urgency
60,U’ve Bin Awarded £50 to Play 4 Instant Cash. Call 08715203028 To Claim. EVERY 9th Player Wins Min £50-£500. OptOut 08718727870,incentives
61,"Prem Jewellrs Vijaynagar Lucky draw scheme , monthly Rs 300 for 12 month, every month lucky member will be given Rs3600 gold or silver article.Call-9008097492",incentives
62,Customer service annoncement. You have a New Years delivery waiting for you. Please call 07046744435 now to arrange delivery,authority
63,Please CALL 08712402578 immediately as there is an urgent message waiting for you,urgency
64,"URGENT! Your mobile No 07xxxxxxxxx won a £2,000 bonus caller prize on 02/06/03! this is the 2nd attempt to reach YOU! call 09066362231 ASAP! BOX97N7QP, 150PPM",urgency
65,Urgent! Please call 09061213237 from landline. £5000 cash or a luxury 4* Canary Islands Holiday await collection. T&Cs SAE PO Box 177. M227XY. 150ppm. 16+,urgency
66,"	FREE MESSAGE Activate your 500 FREE Text Messages by replying to this message with the word FEE, visit www.07781482378.com",incentives
67,"Customer service announcement. We recently tried to make a delivery to you but were unable to do so, please call 07090298926 to re-schedule. Ref:9307622",authority
68,We have identified some unusual activity on your Online Banking. Log in via the secure link http:/95.141.32.7:81/default.aspx�to avoid account suspension.,invoking fear
69,URGENT! Your Mobile number has been awarded with a £2000 prize GUARANTEED. Call 09061790321 from land line. Claim 3030. Valid 12hrs only 150ppm,urgency
70,"Please call our customer service representative on 6299257179 between 10am-9pm as you have W0N a guaranteed cash prize of Rs.5,00,000 FL1PKART TEAM",incentives
71,URGENT This is our 2nd attempt to contact U. Your £900 prize from YESTERDAY is still awaiting collection. To claim CALL NOW 09061702893. ACL03530150PM,urgency
72,URGENT: UKGOV has issued a payment of 458 GBP to all residents as part of its promise to battle COVID 19.  TAP here https:/uk-covid-19.webredirect.org/to apply,urgency
73,money!!! you r a lucky winner ! 2 claim your prize text money 2 88600 over £1million to give away ! ppt150x3+normal text rate box403 w1t1jy,incentives
74,	Want the latest Video handset? 750 anytime any network mins? Half price line rental? Reply or call 08000930705 for delivery tomorrow,incentives
75,Todays Voda numbers ending 1225 are selected to receive a £50award. If you have a match please call 08712300220 quoting claim code 3100 standard rates app,incentives
76,"Congrats! 1 year special cinema pass for 2 is yours. call 09061209467 now! C Suprman V, Matrix3, StarWars3, etc all 4 FREE! bx420-ip4-5we. 150pm. Dont miss out! ",incentives
77,Call from 08702490080 - tells u 2 call 09066358152 to claim £5000 prize. U have 2 enter all ur mobile & personal details @ the prompts. Careful!,incentives
78,"	Customer service announcement. We recently tried to make a delivery to you but were unable to do so, please call 07099833605 to re-schedule. Ref:9280114",authority
79,"As a valued customer, I am pleased to advise you that following recent draw of your Mobile No. you are awarded with a Rs.2,00,000 Bonus Prize, call 6200992462",incentives
80,URGENT! We are trying to contact U. Todays draw shows that you have won a £800 prize GUARANTEED. Call 09050001808 from land line. Claim M95. Valid12hrs only,urgency
81,tells u 2 call 09066358152 to claim £5000 prize. U have 2 enter all ur mobile & personal details @ the prompts. Careful!,incentives
82,U have a secret admirer who is looking 2 make contact with U-find out who they R*reveal who thinks UR so special-call on 09058094594,invoking fear
83,YOU ARE CHOSEN TO RECEIVE A £450 AWARD! Pls call claim number 09066364315 to collect your award which you are selected to receive as a valued mobile customer.,incentives
84,Sorry I missed your call let's talk when you have the time. I'm on 07090201529,invoking fear
85,A transaction of AUD 590.3 was made with your bank account on 08/02/17 11:17:37 if unauthorised follow this link http://gommbanklogin:netbank.com,invoking fear
86,"ATM BLOCK:Dear customer, Due to our system upgrade your ATM card has just been De-Activated. To Activate call customer care  7679046492 now.",invoking fear
87,"FREE MESSAGE Activate your 500 FREE Text Messages by replying to this message with the word FREE For terms & conditions, visit www.07781482378.com",incentives
88,"IMPORTANT MESSAGE FROM WESTPAC For the safety of our customers due to the recent COVID-19 virus, all customers are required to review and update their personal details. You will be unable to use Westpac services until you have done so. Please go to https:// westpac-mobile.cc/2update or call us on 132 032.",urgency
89,"URGENT! Your Mobile No was awarded a £2,000 Bonus Caller Prize on 1/08/03! This is our 2nd attempt to contact YOU! Call 0871-4719-523 BOX95QU BT National Rate",urgency
90,"YOUR MOBILE NUMBER HAS WON 3.6 CRORE FROM SAMSUNG UK AWARD TO RECEIVE YOUR PRIZE,SEND UR NAME, MOBILE,N0,ADDRES, AGE,SEX, OCCUP TO�samsungzoneuk@outlook.com",incentives
91,"Dear Customer,U've been selected to stay in F1VE STAR hotels - FOR T0DAY'S DRAW! Holiday valued at INR 5,00,000.Dial 6200992462 to claim",incentives
92,"WELL DONE! Your 4* Costa Del Sol Holiday or £5000 await collection. Call 09050090044 Now toClaim. SAE, TCs, POBox334, Stockport, SK38xh, Cost£1.50/pm, Max10mins",incentives
93,"You have won ?2,000 cash or a ?5,000 prize! To claim, call09050000337",incentives
94,"Dear V0DAF0NE Customer,You are a 5,00,000 winner of Guaranteed Caller Prize, this is our Final attempt to contact you! To Claim Call 7679046492 Now! ",urgency
95,URGENT! We are trying to contact U Todays draw shows that you have won a £800 prize GUARANTEED. Call 09050000460 from land line. Claim J89. po box245c2150pm,urgency
96,You have WON a guaranteed £1000 cash or a £2000 prize. To claim yr prize call our customer service representative on 08714712379 between 10am-7pm Cost 10p,authority
97,"Nationwide has noticed your debit card was recently used on 29-11-2016 15:04:43, at APPLE ONLINE STORE for 1267.00 GBP If not you please urgently call fraud prevention on 03303800231 or Int +443303800231. Do not reply by SMS http://www.Nationwide.co.uk",urgency
98,"09066362231 URGENT! Your mobile No 07xxxxxxxxx won a £2,000 bonus caller prize on 02/06/03! this is the 2nd attempt to reach YOU! call 09066362231 ASAP!",urgency
99,PRIVATE! Your 2003 Account Statement for 07753741225 shows 800 un-redeemed S. I. M. points. Call 08715203677 Identifier Code: 42478 Expires 24/10/04,invoking fear
100,	Do you want a new Video phone? 600 anytime any network mins 400 Inclusive Video calls AND downloads 5 per week Free delTOMORROW call 08002888812 or reply NOW,incentives
101,UR GOING 2 BAHAMAS! CallFREEFONE 08081560665 and speak to a live operator to claim either Bahamas cruise of£2000 CASH 18+only. To opt out txt X to 07786200117,incentives
102,You have 1 new message. Please call 08712400200.,urgency
103,YOU HAVE WON! As a valued Vodafone customer our computer has picked YOU to win a £350 prize. To collect is easy. Just call 09061743385,incentives
104,Not heard from U4 a while. Call 4 rude chat private line 01223585334 to cum.,invoking fear
105,"Your Bank of America online account has been suspended, log in to restore http://itdo/bankofamerica-session-user",invoking fear
106,Englishvocabulary ululate: to mourn loudly and shrilly AD: Unlimited FREE calls to any mobile try out today http://bit.ly/unlmtdfreecall share wid frnd,incentives
107,"	FREE MESSAGE Activate your 500 FREE Text Messages by replying to this message with the word FREE For terms & conditions, visit www.07781482378.com",incentives
108,URGENT! We are trying to contact U. Todays draw shows that you have won a £800 prize GUARANTEED. Call 09050003091 from land line. Claim C52. Valid12hrs only,urgency
109,"our mobile number has won £5000, to claim calls us back or ring the claims hot line on 09050005321.",incentives
110,"URGENT! Your mobile was awarded a £1,500 Bonus Caller Prize on 27/6/03. Our final attempt 2 contact U! Call 08714714011",urgency
111,Congratulations ur awarded either £500 of CD gift vouchers & Free entry 2 our £100 weekly draw txt MUSIC to 87066 TnCs www.Ldew.com1win150ppmx3age16,incentives
112,	The current leading bid is 151. To pause this auction send OUT. Customer Care: 08718726270,authority
113,RMO.00 R.HB: RM4388.00 Was Charged On Your Card Numer 9577 at AwG-KLIA2 On 24/10/16 1032:29 Reference Code 342152 Call 03216837293 if u did NOT perform this Txn,authority
114,	Moby Pub Quiz.Win a £100 High Street prize if u know who the new Duchess of Cornwall will be? Txt her first name to 82277.unsub STOP £1.50 008704050406 SP,incentives
115,"UpgrdCentre Orange customer, you may now claim your FREE CAMERA PHONE upgrade for your loyalty. Call now on 0207 153 9153. Offer ends 26th July. T&C's apply. Opt-out available",incentives
116,Guess what! Somebody you know secretly fancies you! Wanna find out who it is? Give us a call on 09065394973 from Landline DATEBox1282EssexCM61XN 150p/min 18,incentives
117,"449050000301 You have won a £2,000 price! To claim, call 09050000301.",urgency
118,	Dear Voucher holder Have your next meal on us. Use the following link on your pc 2 enjoy a 2 4 1 dining experiencehttp://www.vouch4me.com/etlp/dining.asp,authority
119,"You are guaranteed the latest Nokia Phone, a 40GB iPod MP3 player or a £1000 prize! Txt word: COLLECT to No: 83355!",incentives
120,500 free text msgs. Just text ok to 80488 a or call 08718738034 nd we'll credit your account,incentives
121,	We tried to contact you re your reply to our offer of a Video Phone 750 anytime any network mins Half Price Line Rental Camcord call 08000930705,incentives
122,We have recalculated your vehicle tax. You are owed �48.84 due to over payment.Click the secure link http:// 103.208.86.96 to claim your refund.,authority
123,This is the 2nd time we have tried to contact u. U have won the £1450 prize to claim just call 09053750005 b4 310303. T&Cs/stop SMS 08718725756. 140ppm,incentives
124,	Bloomberg -Message center +447797706009 Why wait? Apply for your futur,urgency
125,"As a valued customer, I am pleased to advise you that following recent review of your Mob No. you are awarded with a £2000 Bonus Prize, call 09066364529",incentives
126,PRIVATE! Your 2004 Account Statement for 07742676969 shows 786 unredeemed Bonus Points. To claim call 08719180248 Identifier Code: 45239 Expires,incentives
127,Please CALL 08712402972 immediately as there is an urgent message waiting for you,urgency
128,	U have a Secret Admirer who is looking 2 make contact with U-find out who they R*reveal who thinks UR so special-call on 0906517113-stopsms-08,invoking fear
129,"ATM BLOCK:Dear customer, Due to our system upgrade your ATM card has just been BL0CKED. To Re-Activate call customer care for help 7044518857 now.",invoking fear
130,Please call our customer service representative on FREEPHONE 0808 145 4744 between 9am-11pm as you have WON a guaranteed £3000 cash or £7000 prize!,incentives
131,Courtsy reminder: payment on your NAB Visa Card is now overdue. Please refer to your statement for payment options or call 1300 2569 28 Thank you,authority
132,	You have 1 new message. Please call 08715205273,urgency
133,"URGENT! Dear FL1PKART Customer, We are trying to contact you. Last weekends draw shows that you w0n a Rs.6,00,000 prize GUARANTEED. Call 7908807538. Claim Code FLIP52. Valid 12hrs only. ",urgency
134,Your 2004 account for 07XXXXXXXXX shows 786 unredeemed points. To claim call 08719181259 Identifier code: XXXXX Expires 26.03.05,authority
135,Urgent! Please call 09061743811 from landline. Your ABTA complimentary 4* Tenerife Holiday or £5000 cash await collection SAE T&Cs Box 326 CW25WX 150ppm,urgency
136,"	""For the most sparkling shopping breaks from 45 per person; call 0121 2025050 or visit www.shortbreaks.org.uk""",incentives
137,UR Mobile Number Won 2Crores 35Lakh Rupees In Chevrolet Motors Award 2015 For Claim Send Name Phone Number Address  Age To�Email:chevmotorlondon@hotmail.com,incentives
138,"500 New Mobiles from 2004, MUST GO! Txt: NOKIA to No: 89545 & collect yours today!From ONLY £1 www.4-tc.biz 2optout 087187262701.50gbp/mtmsg18",urgency
139,"	FreeMSG You have been awarded a FREE mini DIGITAL CAMERA, just reply SNAP to collect your prize! (quizclub Opt out? Stop 80122300p/wk SP:RWM Ph:08704050406)",incentives
140,"(Help-Center Canada) You received a Transfer from The Government due to the CoronaVirus pandemic, Click:http://23.254.215.52 to fill out your Application.",invoking fear
141,	Please call Amanda with regard to renewing or upgrading your current T-Mobile handset free of charge. Offer ends today. Tel 0845 021 3680 subject to T's and C's,incentives
142,URGENT! We are trying to contact U. Todays draw shows that you have won a £2000 prize GUARANTEED. Call 09058094507 from land line. Claim 3030. Valid 12hrs only,urgency
143,"URGENT! Your Mobile number has been awarded with a INR.2,00,000 prize GUARANTEED. Call 7679046492 from land line. Claim 3030. Valid 12hrs only",urgency
144,UR GOING 2 BAHAMAS! CallFREEFONE 08081560665 and speak to a live operator to claim either Bahamas cruise of£2000 CASH 18+only. To opt out txt X to 07786200117,incentives
145,Please call our customer service representative on FREEPHONE 0808 145 4743 between 9am-11pm as you have WON a guaranteed £2000 cash or £6000 prize!,incentives
146,YOU HAVE WON! As a valued Vodafone customer our computer has picked YOU to win a £150 prize. To collect is easy. Just call 09061743386,incentives
147,	Sorry I missed your call let's talk when you have the time. I'm on 07090201529,invoking fear
148,	We tried to contact you re your reply to our offer of a Video Handset? 750 anytime networks mins? UNLIMITED TEXT? Camcorder? Reply or call 08000930705 NOW,urgency
149,"URGENT! Your mobile No 077xxx WON a £2,000 Bonus Caller Prize on 02/06/03! This is the 2nd attempt to reach YOU! Call 09066362206 ASAP! BOX97N7QP, 150ppm",urgency
150,We would like to inform you that you have been recorded as leaving your home on 3 occasions yesterday. A fine of �35 has been added to your gov.uk�account. For further information please visit�gov.uk/ coronavirus-penalty-payment racking. Protect the NHS. Save lives,invoking fear
151,"5 Free Top Polyphonic Tones call 087018728737, National Rate. Get a toppoly tune sent every week, just text SUBPOLY to 81618, £3 per pole. UnSub 08718727870.",incentives
152,"Hi, this is Mandy Sullivan calling from HOTMIX FM...you are chosen to receive £5000.00 in our Easter Prize draw.....Please telephone 09041940223 to claim before 29/03/05 or your prize will be transferred to someone else....",urgency
153,We currently have a message awaiting your collection. To collect your message just call 08718723815.,urgency
154,URGENT! This is the 2nd attempt to contact U!U have WON £1250 CALL 09071512433 b4 050703 T&CsBCM4235WC1N3XX. callcost 150ppm mobilesvary. max£7. 50,urgency
155,Want explicit SEX in 30 secs? Ring 02073162414 now! Costs 20p/min Gsex POBOX 2667 WC1N 3XX,urgency
156,"Dear V0DAF0NE Customer,You are a W1NNER of Rs. 1,00,000 Guaranteed Prize, this is our Final attempt to contact you! To Claim Call 6299257179 Now! ",invoking fear
157,"	Dear Voucher Holder, To claim this weeks offer, at you PC please go to http://www.e-tlp.co.uk/expressoffer Ts&Cs apply. To stop texts, txt STOP to 80062",authority
158,It's urgent please Contact me for an UNCLAIMED BEQUEST PAYMENT as the Assigned BENEFICIARY VIA EMAIL infogfreeman@gmail.com Regards Gordon,urgency
159,	important information 4 orange user . today is your lucky day!2find out why log onto http://www.urawinner.com THERE'S A FANTASTIC SURPRISE AWAITING YOU!,urgency
160,Please call our customer service representative on FREEPHONE 0808 145 4742 between 9am-11pm as you have WON a guaranteed £1000 cash or £5000 prize!,incentives
161,"Congratulations, Your entry into our contest last month made you a WINNER! Goto http://www.apple.com.text.won.com�to claim your prize! You have 24 hours to claim",urgency
162,"URGENT!: Your Mobile No. was awarded a £2,000 Bonus Caller Prize on 02/09/03! This is our 2nd attempt to contact YOU! Call 0871-872-9755 BOX95QU",urgency
163,We tried to contact you re our offer of New Video Phone 750 anytime any network mins HALF PRICE Rental camcorder call 08000930705 or reply for delivery Wed,incentives
164,"If you don't, your prize will go to another customer. T&C at www.t-c.biz 18+ 150p/min Polo Ltd ",invoking fear
165,XMAS Prize draws! We are trying to contact U. Todays draw shows that you have won a £2000 prize GUARANTEED. Call 09058094565 from land line. Valid 12hrs only,incentives
166,You have an important customer service announcement from PREMIER. Call FREEPHONE 0800 542 0578 now!,urgency
167,Your B4U voucher w/c 27/03 is MARSMS. Log onto www.B4Utele.com for discount credit. To opt out reply stop. Customer care call 08717168528,incentives
168,	I'd like to tell you my deepest darkest fantasies. Call me 09094646631 just 60p/min. To stop texts call 08712460324 (nat rate),invoking fear
169,"Dear customer your PAY2TMKYC has been expired, It�s will be bl0cked within 24 hour, please contact customer! Care ph�  7679046492 immediately to verify",urgency
170,Dear (paytm)customer your paytm KYC has been suspended PAY-TM office PH 6200992462 Your Paytm A/C will block within 24hr Thank you.,invoking fear
171,FREE MSG:We billed your mobile number by mistake from shortcode 83332.Please call 08081263000 to have charges refunded.This call will be free from a BT landline,authority
172,Congratulation! Your Mobile No was selected as a winner of E2000.000.00 on EURO-MEGA DRAW with Draw number EU-0906767 Email robertdep34@gmail.com�for claims,incentives
173,Want explicit SEX in 30 secs? Ring 02073162414 now! Costs 20p/min,urgency
174,"Please call our customer service representative on 7679046492 between 10am-9pm as you have W0N a guaranteed cash prize of Rs.7,00,000. FL1PKART TEAM",incentives
175,	What do U want for Xmas? How about 100 free text messages & a new video phone with half price line rental? Call free now on 0800 0721072 to find out more!,incentives
176,	Please CALL 08712402972 immediately as there is an urgent message waiting for you,urgency
177,"Last Chance! Claim ur £350 worth of discount vouchers today! Text SHOP to 85023 now! SavaMob, offers mobile! T Cs SavaMob POBOX84, M263UZ.",urgency
178,"URGENT! Your mobile number *************** WON a £2000 Bonus Caller prize on 10/06/03! This is the 2nd attempt to reach you! Call 09066368753 ASAP! Box 97N7QP, 150ppm",urgency
179,	Don't b floppy... b snappy & happy! Only gay chat service with photo upload call 08718730666 (10p/min). 2 stop our texts call 08712460324,urgency
180,"URGENT! Your Mobile number has been awarded with a INR.2,00,000 prize GUARANTEED. Call 8536074310 from land line. Claim 3030. Valid 12hrs only",urgency
181,	Had your mobile 11 months or more? U R entitled to Update to the latest colour mobiles with camera for Free! Call The Mobile Update Co FREE on 08002986030,incentives
182,Dear (paytm)customer your paytm KYC has been suspended PAY-TM office PH 7679046492 Your Paytm A/C will block within 24hr Thank you.,invoking fear
183,"Dear Customer,U've been selected to stay in F1VE STAR hotels - FOR T0DAY'S DRAW! Holiday valued at INR 5,00,000.Dial 6299257179 to claim",incentives
184,	Loa!! Homeowners + Tenants welcome. Have you been previously refused? We can still help. Call Free 0800 1956669 or text back 'help',authority
185,XCLUSIVE@CLUBSAISAI 2MOROW 28/5 SOIREE SPECIALE ZOUK WITH NICHOLS FROM PARIS.FREE ROSES 2 ALL LADIES !!! info: 07946746291/07880867867,incentives
186,You are awarded a SiPix Digital Camera! call 09061221061 from landline. Delivery within 28days. T Cs Box177. M221BP. 2yr warranty. 150ppm. 16 . p p£3.99,incentives
187,Dear PAYTM customer your Paytm KYC has expired. Contact customer care No-6299257179 immediately. your account will Block within 24 hr. Thank you PAYTM TEAM.,urgency
188,"Local Covid19 Study: Compensation up to $1,220! Qualify Here:1200cash4study1.com/",incentives
189,todays vodafone numbers ending with 0089(my last four digits) are selected to received a £350 award. If your number matches please call 09063442151 to claim your £350 award,incentives
190,Welcome to Paytm payment bank your re verification done successful in your wallet get 1205 cashback click in link and login your paytm http://7e4d6417.ngrok.io/paytm,incentives
191,"URGENT! Dear FL1PKART Customer, We are trying to contact you. Last weekends draw shows that you w0n a Rs.10,00,000 prize GUARANTEED. Call 8536074310. Claim Code K52. Valid 12hrs only. ",urgency
192,"Dear V0DAF0NE Customer,You are a 5,00,000 winner of Guaranteed Caller Prize, this is our Final attempt to contact you! To Claim Call 6200992462 Now! ",urgency
193,We tried to call you re your reply to our sms for a video mobile 750 mins UNLIMITED TEXT + free camcorder Reply of call 08000930705 Now,incentives
194,"DUETO THE CENTRAL BANK DIRECTIVE WITH REGARDS TO BVN UPDATE,YOUR ATM CARD HAS BEEN DE-ACTIVATED,TO RE-ACTIVATE CALL CUSTOMER CARE ON 08125000070",authority
195,"As a valued customer, I am pleased to advise you that following recent review of your Mobile No. you are awarded with a Rs.7,00,000 Bonus Prize, call 7679046492",incentives
196,	We tried to call you re your reply to our sms for a video mobile 750 mins UNLIMITED TEXT + free camcorder Reply of call 08000930705 Now,incentives
197,Someone U know has asked our dating service 2 contact you! Cant Guess who? CALL 09058091854 NOW all will be revealed. PO BOX385 M6 6WU,urgency
198,"Orange customer, you may now claim your FREE CAMERA PHONE upgrade for your loyalty. Call now on 0207 153 9996. Offer ends 14thMarch. T&C's apply. Opt-out availa",incentives
199,	Please CALL 08712402578 immediately as there is an urgent message waiting for you,urgency
200,"Congrats! 2 mobile 3G Videophones R yours. call 09061744553 now! videochat wid ur mates, play java games, Dload polyH music, noline rentl. bx420. ip4. 5we. 150pm",incentives
201,	U have a secret admirer who is looking 2 make contact with U-find out who they R*reveal who thinks UR so special-call on 0905809458,invoking fear
202,WINNER! As a valued network customer you hvae been selected to receive a £900 reward! To collect call 09061701444. Valid 24 hours only. ACL03530150PM,incentives
203,Someone U know has asked our dating service 2 contact you! Cant Guess who? CALL 09058091854 NOW all will be revealed. PO BOX385 M6 6WU,urgency
204,"You have been selected to stay in 1 of 250 top British hotels - FOR NOTHING! Holiday Worth £350! To Claim, Call London 02072069400. Bx 526, SW73SS",incentives
205,"We have received a request from you for purchasing Paytm Payments Bank FASTag. Total amount to be paid is Rs 250/- (Tag Cost Rs. 100 Security Deposit Rs. 0, Threshold -Rs. 150). In case of any queries, please contact us at https://m.paytm.me/fastag-help",authority
206,"Urgent! Please call 09066612661 from your landline, your complimentary 4* Lux Costa Del Sol holiday or £1000 CASH await collection. ppm 150 SAE T&Cs James 28, EH74RR",urgency
207,"Congratulations - Thanks to a good friend U have WON the £2,000 Xmas prize. 2 claim is easy, just call 08712103738 NOW! Only 10p per minute. BT-national-rate",incentives
208,We tried to contact you re your reply to our offer of 750 mins 150 textand a new video phone call 08002988890 now or reply for free delivery tomorrow,incentives
209,You have 1 new voicemail. Please call 08719181503,urgency
210,BIG BROTHER ALERT! The computer has selected u for 10k cash or #150 voucher. Call 09064018838. NTT PO Box CRO1327 18+ BT Landline Cost 150ppm mobiles vary,invoking fear
211,"Today's Offer! Claim ur £150 worth of discount vouchers! Text YES to 85023 now! SavaMob, member offers mobile! T Cs 08717898036. £3.00 Sub. 16 .",incentives
212,A £400 XMAS REWARD IS WAITING FOR YOU! Our computer has randomly picked you from our loyal mobile customers to receive a £400 reward. Just call 09066380611,incentives
213,Friendly reminder don't forget to confirm your SAM update from the other day!�http://rghst.us/Htcdlas Reply STOP to opt out,authority
214,"URGENT! Dear FL1PKART Customer, We are trying to contact you. Last weekends draw shows that you w0n a Rs.4,00,000 prize GUARANTEED. Call 8927307655. Claim Code LUCKY52. Valid 12hrs only. ",urgency
215,U have a Secret Admirer who is looking 2 make contact with U-find out who they R*reveal who thinks UR so special-call on 09065171142-stopsms-08718727870150ppm,invoking fear
216,	Congratulations YOU'VE Won. You're a Winner in our August £1000 Prize Draw. Call 09066660100 NOW. Prize Code 2309.,urgency
217,URGENT We are trying to contact you Last weekends draw shows u have won a £1000 prize GUARANTEED Call 09064017295 Claim code K52 Valid 12hrs 150p pm,urgency
218,"Todays Vodafone numbers ending 3156 are selected to receive a Rs.2,00,000 award. If you have a match please call 7908807538 quoting claim code 9823 standard rates apply",incentives
219,Congratulations YOU'VE Won. You're a Winner in our August £1000 Prize Draw. Call 09066660100 NOW. Prize Code 2309.,urgency
220,"Congrats! 2 mobile 3G Videophones R yours. call 09063458130 now! videochat wid your mates, play java games, Dload polyPH music, noline rentl.",incentives
221,	Dont forget you can place as many FREE Requests with 1stchoice.co.uk as you wish. For more Information call 08707808226.,incentives
222,u r a winner U ave been specially selected 2 receive £1000 cash or a 4* holiday (flights inc) speak to a live operator 2 claim 0871277810710p/min (18 ),incentives
223,07732584351 - Rodger Burns - MSG = We tried to call you re your reply to our sms for a free nokia mobile + free camcorder. Please call now 08000930705 for delivery tomorrow,incentives
224,"ATM BLOCK:Dear customer, Due to our system upgrade your ATM card has just been De-Activated. To Activate call customer care for help 6200992462 now.",invoking fear
225,Reply with your name and address and YOU WILL RECEIVE BY POST a weeks completely free accommodation at various global locations www.phb1.com ph:08700435505150p,incentives
226,We regret to inform you that your NAB card is now locked. To unlock please update security details at http://www.nabmobile,invoking fear
227,"Update Message to User,Log on to Verity your login and choose your Existing Questions and Answers correctly Click http://tdbankmobile.cleanbeautytalk.c om/tdmobile Internet support team.",authority
228,WINNER!! As a valued network customer you have been selected to receivea £900 prize reward! To claim call 09061701461. Claim code KL341. Valid 12 hours only.,incentives
229,URGENT! We are trying to contact U. Todays draw shows that you have won a £800 prize GUARANTEED. Call 09050001809 from land line. Claim M95. Valid12hrs only,urgency
230,Congratulations U can claim 2 VIP row A Tickets 2 C Blu in concert in November or Blu gift guaranteed Call 09061104276 to claim TS&Cs www.smsco.net cost£3.75max,incentives
231,"Customer service announcement. We recently tried to make a delivery to you but were unable to do so, please call 07099833605 to re-schedule. Ref:9280114",authority
232,	Todays Voda numbers ending 1225 are selected to receive a £50award. If you have a match please call 08712300220 quoting claim code 3100 standard rates app,incentives
233,Are you unique enough? Find out from 30th August. www.areyouunique.co.uk,urgency
234,Dear (paytm)customer your paytm KYC has been suspended PAY-TM office PH 7908807538 Your Paytm A/C will block within 24hr Thank you.,invoking fear
235,	Your unique user ID is 1172. For removal send STOP to 87239 customer services 08708034412,invoking fear
236,URGENT! Your Mobile number has been awarded a <UKP>2000 prize GUARANTEED. Call 09061790125 from landline. Claim 3030. Valid 12hrs only 150ppm,urgency
237,"Urgent! Please call 0906346330. Your ABTA complimentary 4* Spanish Holiday or £10,000 cash await collection SAE T&Cs BOX 47 PO19 2EZ 150ppm 18+",urgency
238,	07732584351 - Rodger Burns - MSG = We tried to call you re your reply to our sms for a free nokia mobile + free camcorder. Please call now 08000930705 for delivery tomorrow,incentives
239,URGENT! We are trying to contact U. Todays draw shows that you have won a £800 prize GUARANTEED. Call 09050001295 from land line. Claim A21. Valid 12hrs only,urgency
240,Congratulations ur awarded 500 of CD vouchers or 125gift guaranteed & Free entry 2 100 wkly draw txt MUSIC to 87066 TnCs www.Ldew.com1win150ppmx3age16,incentives
241,"You have been specially selected to receive a ""3000 award! Call 08712402050 BEFORE the lines close. Cost 10ppm. 16+. T&Cs apply. AG Promo",incentives
242,Win a £1000 cash prize or a prize worth £5000,incentives
243,"This is the 2nd time we have tried to contact u. U have won the £400 prize. 2 claim is easy, just call 087104711148 NOW! Only 10p per minute. BT-national-rate",urgency
244,PRIVATE! Your 2003 Account Statement for <fone no> shows 800 un-redeemed S. I. M. points. Call 08715203656 Identifier Code: 42049 Expires 26/10/04,invoking fear
245,WE WILL HOLD YOUR PAYTM AMOUNT AFTER SOMETIME COMPLETE YOUR PAYTM KYC PAYTM OFFICE PH 6200992462,authority
246,You have an important customer service announcement. Call FREEPHONE 0800 542 0825 now!,urgency
247,	U have a Secret Admirer who is looking 2 make contact with U-find out who they R*reveal who thinks UR so special-call on 09065171142-stopsms-08718727870150ppm,invoking fear
248,PRIVATE! Your 2003 Account Statement for shows 1000 un-redeemed S.I.M. points. Call 08715203685 Identifier Code:4xx26 Expires 13/10/04,invoking fear
249,"Loan for any amount £500 - £75,000. Homeowners + Tenants welcome. Have you been previously refused? We can still help. Call Free 0800 1956669 or text back 'help'",authority
250,"	Dear Voucher Holder, 2 claim this weeks offer, at your PC go to http://www.e-tlp.co.uk/expressoffer Ts&Cs app",incentives
251,"Your iPhone ID is due to expire today, Please tap https://is.gd/AppVerify to update and prevent loss of services and Apps.",urgency
252,Your unique user ID is 1172. For removal send STOP to 87239 customer services 08708034412,invoking fear
253,FREE camera phones with linerental from 4.49/month with 750 cross ntwk mins. 1/2 price txt bundle deals also avble. Call 08001950382,incentives
254,Someone has conacted our dating service and entered your phone because they fancy you!To find out who it is call from landline 09111030116. PoBox12n146tf15,impersonation
255,Dear PAYTM customer your Paytm KYC has expired. Contact customer care No-8536074310 immediately. your account will Block within 24 hr. Thank you PAYTM TEAM.,urgency
256,"URGENT! Your mobile No *********** WON a £2,000 Bonus Caller Prize on 02/06/03! This is the 2nd attempt to reach YOU! Call 09066362220 ASAP! BOX97N7QP, 150ppm",urgency
257,	Customer service annoncement. You have a New Years delivery waiting for you. Please call 07046744435 now to arrange delivery,authority
258,You have exited the specified 1 mile radius on three separate occasions today. A penalty notice has been issued to your address held on the electoral roll. More info & appeals can be filed at gov.uk/cvpenalty Stay at home. Protect the NHS. Save lives.,invoking fear
259,"WINNER!7827156256 is chosen for $2500 CASH prize, call+38977148576 now",incentives
260,"Nationwide has noticed your debit card was recently used on 25-10-2015 13.04.43, at APPLE ONLINE STORE for 1976.00 GBP. If not you please urgently call fraud preventaion on 03303800232 or intl +443303800231. Do not reply by SMS http://www.Nationwide.co.uk/",urgency
261,"Mila, age23, blonde, new in UK. I look sex with UK guys. if u like fun with me. Text MTALK to 69866.18 .  Help08718728876",incentives
262,Urgent! Please call 09061213237 from a landline. £5000 cash or a 4* holiday await collection. T &Cs SAE PO Box 177 M227XY. 16+,urgency
263,	December only! Had your mobile 11mths+? You are entitled to update to the latest colour camera mobile for Free! Call The Mobile Update Co FREE on 08002986906,incentives
264,We owe you for the last tax year. Please follow our secure link http:Ow.ly/ozvo308t.Jxz for more information.,authority
265,"As a valued customer, I am pleased to advise you that following recent review of your Mobile No. you are awarded with a Rs.7,00,000 Bonus Prize, call 8927307655",incentives
266,"Claim a 200 shopping spree, just call 08717895698 now! Have you won! MobStoreQuiz10ppm",incentives
267,"44 7732584351, Do you want a New Nokia 3510i colour phone DeliveredTomorrow? With 300 free minutes to any mobile + 100 free texts + Free Camcorder reply or call 08000930705.",incentives
268,"Please call our customer service representative on 7044518857 between 10am-9pm as you have W0N a guaranteed cash prize of Rs.5,00,000. FL1PKART TEAM",incentives
269,CDs 4u: Congratulations ur awarded £500 of CD gift vouchers or £125 gift guaranteed & Freeentry 2 £100 wkly draw xt MUSIC to 87066 TnCs www.ldew.com1win150ppmx3age16,incentives
270,	YOU ARE CHOSEN TO RECEIVE A £350 AWARD! Pls call claim number 09066364311 to collect your award which you are selected to receive as a valued mobile customer.,incentives
271,"Dear customer your PAY2TMKYC has been expired, It�s will be bl0cked within 24 hour, please contact customer! Care ph� 8536074310 immediately to verify",urgency
272,IMPORTANT MESSAGE. This is a final contact attempt. You have important messages waiting out our customer claims dept. Expires 13/4/04. Call 08717507382 NOW!,urgency
273,you'hv completed a transaction for AUD 788.93 on 06/02/17 03-27-31 pm. Please follow the link if it is not done by you http://commbank.netban,authority
274,IMPORTANT INFORMATION 4 ORANGE USER 0796XXXXXX. TODAY IS UR LUCKY DAY!2 FIND OUT WHY LOG ONTO http://www.urawinner.com THERE'S A FANTASTIC PRIZEAWAITING YOU!,urgency
275,"Urgent! call 09066350750 from your landline. Your complimentary 4* Ibiza Holiday or 10,000 cash await collection SAE T&Cs PO BOX 434 SK3 8WP 150 ppm 18+ ",urgency
276,"Todays Vodafone numbers ending 8023 are selected to receive a Rs.2,00,000 award. If you have a match please call 8927307655 quoting claim code 6001 standard rates apply",incentives
277,Urgent! Please call 09061743810 from landline. Your ABTA complimentary 4* Tenerife Holiday or #5000 cash await collection SAE T&Cs Box 326 CW25WX 150 ppm,urgency
278,For taking part in our mobile survey yesterday! You can now have 500 texts 2 use however you wish. 2 get txts just send TXT to 80160 T&C www.txt43.com 1.50p,incentives
279,PRIVATE! Your 2003 Account Statement for shows 800 un-redeemed S. I. M. points. Call 08715203694 Identifier Code: 40533 Expires 31/10/04,invoking fear
280,	Here is your discount code RP176781. To stop further messages reply stop. www.regalportfolio.co.uk. Customer Services 08717205546,incentives
281,200 FREE minutes to any mobile + 100 FREE text + FREE camcorder Reply or Call 8000930705,incentives
282,"	44 7732584351, Do you want a New Nokia 3510i colour phone DeliveredTomorrow? With 300 free minutes to any mobile + 100 free texts + Free Camcorder reply or call 08000930705.",incentives
283,PRIVATE! Your 2003 Account Statement for shows 800 un-redeemed S. I. M. points. Call 08715203652 Identifier Code: 42810 Expires 29/10/0,invoking fear
284,	Call FREEPHONE 0800 542 0578 now!,urgency
285,	XCLUSIVE@CLUBSAISAI 2MOROW 28/5 SOIREE SPECIALE ZOUK WITH NICHOLS FROM PARIS.FREE ROSES 2 ALL LADIES !!! info: 07946746291/07880867867,incentives
286,"	Customer service announcement. We recently tried to make a delivery to you but were unable to do so, please call 07090298926 to re-schedule. Ref:9307622",authority
287,Text & meet someone sexy today. U can find a date or even flirt its up to U. Join 4 just 10p. REPLY with NAME & AGE eg Sam 25. 18 -msg recd@thirtyeight pence,urgency
288,74355 XMAS iscoming & ur awarded either £500 CD gift vouchers & free entry 2 r £100 weekly draw txt MUSIC to 87066 TnC,incentives
289,"Dear V0DAF0NE Customer,You are a 5,00,000 winner of Guaranteed Caller Prize, this is our Final attempt to contact you! To Claim Call 6299257179 Now! ",urgency
290,Your account has been credited with 500 FREE Text Messages. To activate call 08718738034,incentives
291,"Nationwide has noticed your debit card was recently used on 22-10-2016 15:04:43, at APPLE ONLINE STORE FOR 1500.00 GBP. If not you please urgently call fraud prevention on 03303800231 or intl +443303800231. Do not reply by sms http://ww.Nationwide.co.uk/",urgency
292,Dear Customer your pyatm wallet Has been booked and hold Your amount please complete your kyc contact customer care 8927307655,authority
293,WE WILL HOLD YOUR PAYTM AMOUNT AFTER SOMETIME COMPLETE YOUR PAYTM KYC PAYTM OFFICE PH 8536074310,authority
294,Collect your VALENTINE'S weekend to PARIS inc Flight & Hotel + £200 Prize guaranteed! Text: PARIS to No: 69101. www.rtf.sphosting.com,incentives
295,"URGENT! Last weekend's draw shows that you have won £1000 cash or a Spanish holiday! CALL NOW 09050000332 to claim. T&C: RSTM, SW7 3SS. 150ppm",urgency
296,"	Thanks for your Ringtone Order, Reference T91. You will be charged GBP 4 per week. You can unsubscribe at anytime by calling customer services on 09057039994",authority
297,	U have a secret admirer. REVEAL who thinks U R So special. Call 09065174042. To opt out Reply REVEAL STOP. 1.50 per msg recd. Cust care 07821230901,urgency
298,Someone who came in contact with you tested positive or has shown symptoms for COVID-19 & recommends you self-isolate/get tested. More at COVID-19 anon.com/alert,invoking fear
299,Dear (paytm)customer your paytm KYC has been suspended PAY-TM office PH 7044518857 Your Paytm A/C will block within 24hr Thank you.,invoking fear
300,You have been specially selected to receive a 2000 pound award! Call 08712402050 BEFORE the lines close. Cost 10ppm. 16+. T&Cs apply. AG Promo,urgency
301,You are a winner you have been specially selected to receive £1000 cash or a £2000 award. Speak to a live operator to claim call 087147123779am-7pm. Cost 10p,incentives
302,	We tried to contact you re your reply to our offer of a Video Handset? 750 anytime any networks mi? Reply or call 08000930705 NOW,urgency
303,"Congratulations!!! You are Due for a COVID-19 Grant, To Redeem,Contact us Via Email: covid19grant@cokegrant.com",authority
304,"Collect 100 points& get 14,500 Pokecoins for Pokemon Gol"" by clicking this link now�http://goo.gle/xxxx",incentives
305,PRIVATE! Your 2004 Account Statement for 078498****7 shows 786 unredeemed Bonus Points. To claim call 08719180219 Identifier Code: 45239 Expires 06.05.05,incentives
306,Urgent Ur £500 guaranteed award is still unclaimed! Call 09066368327 NOW closingdate04/09/02 claimcode M39M51 £1.50pmmorefrommobile2Bremoved-MobyPOBox734LS27YF,urgency
307,"You have won ?1,000 cash or a ?2,000 prize! To claim, call09050000327. T&C: RSTM, SW7 3SS. 150ppm",incentives
308,	You are a winner U have been specially selected 2 receive £1000 cash or a 4* holiday (flights inc) speak to a live operator 2 claim 0871277810810,incentives
309,Congratulations - in this week's competition draw u have won the �1450 prize to claim just call 09050002312 . T&Cs/stop SMS 08718727868.,incentives
310,"As a valued customer, I am pleased to advise you that following recent review of your Mobile No. you are awarded with a Rs.5,00,000 Bonus Prize, call 8536074310",incentives
311,Your SAM registration has been received! Click here to complete the process�http://rghst.xyz/NPHTmtb Reply STOP 2 opt out of future texts,invoking fear
312,You have won a Nokia 7250i.  To take part send Nokia to 86021 now. HG/Suite342/2Lands Row/W1JHL 16+,authority
313,"Dear Voucher Holder, To claim this weeks offer, at you PC please go to http://www.e-tlp.co.uk/reward. Ts&Cs apply.",incentives
314,Hey I am really * want to chat or see me  text to 08718738034,urgency
315,"Someone U know has asked our dating service 2 contact you! Cant guess who? CALL 09058095107 NOW all will be revealed. POBox 7, S3XY 150p ",urgency
316,+123 Congratulations - in this week's competition draw u have won the £1450 prize to claim just call 09050002311 b4280703. T&Cs/stop SMS 08718727868. Over 18 only 150ppm,incentives
317,"Thank you, winner notified by sms. Good Luck! No future marketing reply STOP to 84122 customer services 08450542832",invoking fear
318,"You are guaranteed the latest Nokia Phone, a 40GB iPod MP3 player or a £500 prize! Txt word: COLLECT to No: 83355! IBHltd LdnW15H 150p/Mtmsgrcvd18+",incentives
319,Last chance 2 claim ur £150 worth of discount vouchers-Text YES to 85023 now!SavaMob-member offers mobile T Cs 08717898035. £3.00 Sub. 16 . Remove txt X or STOP,urgency
320,"Please call our customer service representative on 8536074310 between 10am-9pm as you have W0N a guaranteed cash prize of Rs.10,00,000. FL1PKART TEAM",incentives
321,	We tried to call you re your reply to our sms for a video mobile 750 mins UNLIMITED TEXT free camcorder Reply or call now 08000930705 Del Thurs,incentives
322,	You have 1 new voicemail. Please call 08719181513.,urgency
323,Do you want a new video handset? 750 anytime any network mins? Half Price Line Rental? Camcorder? Reply or call 08000930705 for delivery tomorrow,incentives
324,"Dear customer, Due to BVN system upgrade, your ATM CARD has been de-activated by CBN. To re-activate call customer care 08167340838 for help.",authority
325,$9 Only!Sales on Official Oakley Sunglasses Online Store. 2016 New Styles All Up To 75% OFF. Final Day Flash Sale And Free Returns. Official Oakley Sunglasses Outlets At: http:// www.oakleyoutletsco.com,incentives
326,Dear Dave this is your final notice to collect your 4* Tenerife Holiday or #5000 CASH award! Call 09061743806 from landline. TCs SAE Box326 CW25WX 150ppm,incentives
327,URGENT! We are trying to contact U. Todays draw shows that you have won a £2000 prize GUARANTEED. Call 09066358361 from land line. Claim Y87. Valid 12hrs only,urgency
328,Uw ING bankieren app bevat verouderde plugins. klik hieronder om de beveiligde versie te downloaden http://mijn.ing-mobiel.com/update.apk,authority
329,! Had your mobile 11mths+? You are entitled to update to the latest colour camera mobile for Free! Call The Mobile Update Co FREE on 08002986906,incentives
330,"	As a valued customer, I am pleased to advise you that following recent review of your Mob No. you are awarded with a £1500 Bonus Prize, call 09066368470",incentives
331,URGENT! We are trying to contact you. Last weekends draw shows that you won a £1000 prize GUARANTEED. Call 09064012160. Claim Code K52. Valid 12hrs only. 150ppm,urgency
332,URGENT! We are trying to contact you. Last weekends draw shows that you have won a £900 prize GUARANTEED. Call 09061701939. Claim code S89. Valid 12hrs only,urgency
333,Congrats! Nokia 3650 video camera phone is your Call 09066382422 Calls cost 150ppm Ave call 3mins vary from mobiles 16+ Close 300603 post BCM4284 Ldn WC1N3XX,authority
334,PRIVATE! Your 2003 Account Statement for 07808247860 shows 800 un-redeemed S. I. M. points. Call 08719899229 Identifier Code: 40411 Expires 06/11/04,invoking fear
335,	Reminder: You have not downloaded the content you have already paid for. Goto http://doit. mymoby. tv/ to collect your content.,invoking fear
336,"URGENT!! Your 4* Costa Del Sol Holiday or £5000 await collection. Call 09050090044 Now toClaim. SAE, TC s, POBox334, Stockport, SK38xh, Cost£1.50/pm, Max10mins",urgency
337,"Shop till u Drop, IS IT YOU, either 10K, 5K, £500 Cash or £100 Travel voucher, Call now, 09064011000. NTT PO Box CR01327BT fixedline Cost 150ppm mobile vary",incentives
338,Please call our customer service representative on 0800 169 6032 between 10am-9pm as you have WON a guaranteed £2000 cash or £6000 prize!,incentives
339,U 447801259231 have a secret admirer who is looking 2 make contact with U-find out who they R*reveal who thinks UR so special-call on 09058094597,invoking fear
340,PRIVATE! Your 2003 Account Statement for 07815296484 shows 800 un-redeemed S.I.M. points. Call 08718738001 Identifier Code 41782 Expires 18/11/04,invoking fear
341,You have WON a guaranteed £1000 cash or a £2000 prize. To claim yr prize call our customer service representative on 08714712412 between 10am-7pm Cost 10p,authority
342,You are awarded a SiPix Digital Camera! call 09061221062 from landline. Delivery within 28days. T Cs Box177. M221BP. 2yr warranty. 150ppm.,incentives
343,Natalja (25/F) is inviting you to be her friend.  See her: www.SMS.ac/u/nat27081980 STOP? Send STOP FRND to 62468,impersonation
344,"Todays Vodafone numbers ending 5347 are selected to receive a Rs.2,00,000 award. If you have a match please call 6299257179 quoting claim code 2041 standard rates apply",incentives
345,"Dear V0DAF0NE Customer,You are a 5,00,000 winner of Guaranteed Caller Prize, this is our Final attempt to contact you! To Claim Call 8927307655 Now! ",urgency
346,WE WILL HOLD YOUR PAYTM AMOUNT AFTER SOMETIME COMPLETE YOUR PAYTM KYC PAYTM OFFICE PH 8927307655,authority
347,PRIVATE! Your 2003 Account Statement for shows 800 un-redeemed S. I. M. points. Call 08718738002 Identifier Code: 48922 Expires 21/11/04,invoking fear
348,"Dear Customer,U've been selected to stay in F1VE STAR hotels - FOR T0DAY'S DRAW! Holiday valued at INR 5,00,000.Dial 7679046492 to claim",incentives
349,"U've been selected to stay in 1 of 250 top British hotels - FOR NOTHING! Holiday valued at £350! Dial 08712300220 to claim - National Rate Call. Bx526, SW73SS",incentives
350,"To cancel this order you should visit http/aetacms.com/.cas/auo.html/redirect-aopis.it�to review your details. if you need additional help, contact Apple Support.",impersonation
351,"Congratulations! Thanks to a good friend U have WON the £2,000 Xmas prize. 2 claim is easy, just call 08718726971 NOW! Only 10p per minute. BT-national-rate.",incentives
352,"GOV.UK ALERT CORONAVIRUS It has come to our attention that you have been out of the house more than once. Due to this irresponsible behaviour, we are issuing you a formal warning and �250 fine. If this continues, the fine could increase to a maximum of �5000 and/or an arrest. Payment will be taken automatically out of your account. Call 0800345 9999 for any enquiries or to appeal.",invoking fear
353,"Nationwide has noticed your debit card was recently used on 23-05-2012 11:04:43, at APPLE ONLINE STORE for 1920.00 GBP If not you please urgently call fraud prevention on 03303800233 or Intl +443303800231. Do not reply by SMS http://www.nationwide.co.uk/",urgency
354,You have won a Nokia 7250i. This is what you get when you win our FREE auction. To take part send Nokia to 86021 now. HG/Suite342/2Lands Row/W1JHL 16+,authority
355,"Todays Vodafone numbers ending 7148 are selected to receive a Rs.2,00,000 award. If you have a match please call 7679046492 quoting claim code 7834 standard rates apply",incentives
356,"Congratulations! Thanks to a good friend U have WON the £2,000 Xmas prize. 2 claim is easy, just call 08718726978 NOW! Only 10p per minute. BT-national-rate",incentives
357,"	Dear Voucher Holder, To claim this weeks offer, at your PC please go to http://www.wtlp.co.uk/text. Ts&Cs apply.",incentives
358,Friendly reminder- don't forget to confirm your SAM update from the other day!�http://rghst.rocks/ GBs630y,authority
359,Hi if ur lookin 4 saucy daytime fun wiv busty married woman Am free all next week Chat now 2 sort time 09099726429 JANINExx Calls£1/minMobsmoreLKPOBOX177HP51FL,incentives
360,"Someone U know has asked our dating service 2 contact you! Cant Guess who? CALL 09058097189 NOW all will be revealed. POBox 6, LS15HB 150p ",urgency
361,"Dear Customer Your order of 42.84 Euro has been approved if you didnt purchased anything or it you believe an unauthorized person has accessed your account, please access the link below http:/95.141.32.7:81/orders.aspx",invoking fear
362,"Dear customer your PAY2TMKYC has been expired, It�s will be bl0cked within 24 hour, please contact customer! Care ph� 7044518857 immediately to verify",urgency
363,Update_Now - 12Mths Half Price Orange line rental: 400mins...Call MobileUpd8 on 08000839402 or call2optout=J5Q,incentives
364,goldviking (29/M) is inviting you to be his friend. Reply YES-762 or NO-762 See him: www.SMS.ac/u/goldviking STOP? Send STOP FRND to 62468,authority
365,Promotion Number: 8714714 - UR awarded a City Break and  a £200 Summer Shopping spree. 08718738034,incentives
366,"Urgent UR awarded a complimentary trip to EuroDisinc Trav, Aco&Entry41 Or £1000. To claim txt DIS to 87121 18+6*£1.50(moreFrmMob. ShrAcomOrSglSuplt)10, LS1 3AJ",urgency
367,"Today's Offer! Claim ur £150 worth of discount vouchers! Text YES to 85023 now! SavaMob, member offers mobile! T Cs 08717898035. £3.00 Sub. 16 . Unsub reply X",incentives
368,"This is the 2nd time we have tried 2 contact u. U have won the 750 Pound prize. 2 claim is easy, call 08712101358 NOW! Only 10p per min. ",urgency
369,"Please call our customer service representative on FREEPHONE 0808 145 5645 between 9am-11pm as you have WON a guaranteed INR 5,00,000 cash  prize!",urgency
370,	YOU ARE CHOSEN TO RECEIVE A £350 AWARD! Pls call claim number 09066364312 to collect your award which you are selected to receive as a valued mobile customer.,incentives
371,<Forwarded from 448712404000>Please CALL 08712404000 immediately as there is an urgent message waiting for you.,urgency
372,	Free Msg: Ringtone!From: http://tms. widelive.com/index. wml?id=1b6a5ecef91ff9*37819&first=true18:0430-JUL-05,urgency
373,T-Mobile customer you may now claim your FREE CAMERA PHONE upgrade & a pay & go sim card for your loyalty. Call on 0845 021 3680.Offer ends 28thFeb.T&C's apply,incentives
374,http//tms. widelive.com/index. wml?id=820554ad0a1705572711&first=true¡C C Ringtone¡,invoking fear
375,Great News! Call FREEFONE 08006344447 to claim your guaranteed £1000 CASH or £2000 gift. Speak to a live operator NOW!,incentives
376,"Congrats 2 mobile 3G Videophones R yours. call 09063458120 now! videochat wid ur mates, play java games, Dload polypH music, noline rentl. ",authority
377,Had your mobile 11 months or more? U R entitled to Update to the latest colour mobiles with camera for Free! Call The Mobile Update Co FREE on 08002986030,authority
378,"ATM BLOCK:Dear customer, Due to our system upgrade your ATM card has just been De-Activated. To Re-Activate call customer care for help 07068796424 now.",invoking fear
379,You are a winner U have been specially selected 2 receive £1000 cash or a 4* holiday (flights inc) speak to a live operator 2 claim 0871277810810,incentives
380,"	SMS. ac Blind Date 4U!: Rodds1 is 21/m from Aberdeen, United Kingdom. Check Him out http://img. sms. ac/W/icmb3cktz8r7!-4 no Blind Dates send HIDE",urgency
381,URGENT! We are trying to contact you. Last weekends draw shows that you have won a £900 prize GUARANTEED. Call 09061701851. Claim code K61. Valid 12hours only,urgency
382,	Do you want 750 anytime any network mins 150 text and a NEW VIDEO phone for only five pounds per week call 08002888812 or reply for delivery tomorrow,incentives
383,"Urgent Message for CIBC Account Holder, Kindly login to confirm your login information Login to our secure server to check your information http://cibc.mobileupdate.granpianostudio.com/cibcfullz/Internet Support",urgency
384,You are a winner U have been specially selected 2 receive £2000 cash or a 4* holiday (flights inc) speak to a live operator 2 claim 0871277810910,incentives
385,"Urgent! call 09066350760 from your landline. Your complimentary 4* Ibiza Holiday or 20,000 cash await collection SAE T&Cs PO BOX 434 SK3 8WP 150 ppm 18+",urgency
386,	You are now unsubscribed all services. Get tons of sexy babes or hunks straight to your phone! go to http://gotbabes.co.uk. No subscriptions.,urgency
387,We tried to contact you re your reply to our offer of a Video Handset? 750 anytime networks mins? UNLIMITED TEXT? Camcorder? Reply or call 08000930705 NOW,urgency
388,	U have a secret admirer who is looking 2 make contact with U-find out who they R*reveal who thinks UR so special-call on 09058094594,invoking fear
389,Do you want a New Nokia 3510i Colour Phone Delivered Tomorrow? With 100 FREE text + FREE camcorder Reply or Call 08000930705,incentives
390,PRIVATE! Your 2003 Account Statement for shows 800 un-redeemed S. I. M. points. Call 08719899230 Identifier Code: 41685 Expires 07/11/04,invoking fear
391,You have won a guaranteed 32000 award or maybe even £1000 cash to claim ur award call free on 0800 ..... (18+). Its a legitimat efreefone number wat do u think???,incentives
392,"This is the 2nd attempt to contract U, you have won this weeks top prize of either £1000 cash or £200 prize. Just call 09066361921",incentives
393,"Urgent Urgent! We have 800 FREE flights to Europe to give away, call B4 10th Sept & take a friend 4 FREE. Call now to claim on 09050000555. BA128NNFWFLY150ppm",urgency
394,"Congrats! 1 year special cinema pass for 2 is yours. call 09061209466 now! C Suprman V, Matrix3, StarWars3, etc all 4 FREE! bx420-ip4-5we. 150pm. ",incentives
395,Camera - You are awarded a SiPix Digital Camera! call 09061221067 fromm landline. Delivery within 28 days.,incentives
396,Not heard from U4 a while. Call 4 rude chat private line 01223585334 to cum. Wan 2C pics of me gettin shagged then text PIX to 8552.,invoking fear
397,WE WILL HOLD YOUR PAYTM AMOUNT AFTER SOMETIME COMPLETE YOUR PAYTM KYC PAYTM OFFICE PH 7908807538,authority
398,XMAS iscoming & ur awarded either £500 CD gift vouchers & free entry 2 r £100 weekly draw txt MUSIC to 87066 TnC www.Ldew.com1win150ppmx3age16subscription,incentives
399,"YOU 07801543489 are guaranteed the latests Nokia Phone, a 40GB iPod MP3 player or a £500 prize! Txt word:COLLECT to No:83355! TC-LLC NY-USA 150p/Mt msgrcvd18+",incentives
400,"You've won tkts to the EURO2004 CUP FINAL or £800 CASH, to collect CALL 09058099802 ",incentives
401,"Urgent! call 09061749602 from Landline. Your complimentary 4* Tenerife Holiday or £10,000 cash await collection SAE T&Cs BOX 528 HP20 1YF 150ppm 18+",urgency
402,"Update_Now - Xmas Offer! Latest Motorola, SonyEricsson & Nokia & FREE Bluetooth! Double Mins & 1000 Txt on Orange. Call MobileUpd8 on 08000839402 or call2optout/F4Q=",incentives
403,	Bloomberg -Message center +447797706009 Why wait? Apply for your future http://careers. bloomberg.com,urgency
404,"For ur chance to win a £250 wkly shopping spree TXT: SHOP to 80878. T's&C's  custcare 08715705022, 1x150p/wk",incentives
405,"Someone has contacted our dating service and entered your phone becausethey fancy you! To find out who it is call from a landline 09058098002. PoBox1, W14RG 150p",incentives
406,URGENT! This is the 2nd attempt to contact U!U have WON £1000CALL 09071512432 b4 300603t&csBCM4235WC1N3XX.callcost150ppmmobilesvary. max£7. 50,urgency
407,"Dear Customer,U've been selected to stay in F1VE STAR hotels - FOR T0DAY'S DRAW! Holiday valued at INR 5,00,000.Dial 8536074310 to claim",incentives
408,WE WILL HOLD YOUR PAYTM AMOUNT AFTER SOMETIME COMPLETE YOUR PAYTM KYC PAYTM OFFICE PH 7679046492,authority
409,Last chance 2 claim ur £250 worth of discount vouchers-Text YES to 85022 now!SavaMob-member offers mobile T Cs 08717898036. £3.00 Sub. 16 .,urgency
410,"URGENT! Your Mobile number has been awarded with a INR.2,00,000 prize GUARANTEED. Call 7908807538 from land line. Claim 3030. Valid 12hrs only",urgency
411,	Todays Voda numbers ending 5226 are selected to receive a ?350 award. If you hava a match please call 08712300220 quoting claim code 1131 standard rates app,incentives
412,"Dear customer,Your Apple 1D is due to expire today Prevent this by confiming your Apple ID at ataligaid daal.au",urgency
413,"YOU VE WON! Your 4* Costa Del Sol Holiday or £5000 await collection. Call 09050090044 Now toClaim. SAE, TC s, POBox334, Stockport, SK38xh, Cost£1.50/pm, Max10mins",incentives
414,U have a secret admirer. REVEAL who thinks U R So special. Call 09065174042. To opt out Reply REVEAL STOP. 1.50 per msg recd. Cust care 07821230901,urgency
415,"Congrats! 2 mobile 3G Videophones R yours. call 09061744553 now! videochat wid ur mates, play java games, Dload polyH music, noline rentl. bx420. ip4. 5we. 150pm",incentives
416,"In the Open Lucky Draw Contest And You Are The Winner 0f Tata Saafari (12,60000). Contact-997330199 -2294871295. More Information https://bit.ly/32ZwcQ5",authority
417,Your free gift is waiting to be collected. Simply call 08718738034,incentives
418,"Dear Matthew please call 09063440451 from a landline, your complimentary 4*Lux Tenerife holiday or £1000 CASH await collection. ppm150 SAE T&Cs Box334 SK38XH.",incentives
419,U have a secret admirer who is looking 2 make contact with U-find out who they R*reveal who thinks UR so special-call on 09058094599,invoking fear
420,"ATM BLOCK:Dear customer, Due to our system upgrade your ATM card has just been De-Activated. To Re-Activate call customer care for help 8536074310 now.",authority
421,"If you don't, your prize will go to another customer. T&C at www.t-c.biz 18+ 150p/min Polo Ltd Suite 373 London W1J 6HL Please call back if busy ",invoking fear
422,"Congrats! 1 year special cinema pass for 2 is yours. call 09061209465 now! C Suprman V, Matrix3, StarWars3, etc all 4 FREE! ",incentives
423,"Congrats, Your Product Order at Paytm Mall Pvt. Ltd. Is accepted. Message  Your Name Company and account number to PH 7679046492",authority
424,P just made your holidays more fun. Buy any HP pavilion notebook & get a Kodak camera. Shoot it. Share it. T&C apply. HP World: WOC Rd 9986686555 / 991697439,incentives
425,URGENT! Your Mobile number has been awarded with a £2000 prize GUARANTEED. Call 09061790121 from land line. Claim 3030. Valid 12hrs only 150ppm,urgency
426,URGENT! We are trying to contact U. Todays draw shows that you have won a £800 prize GUARANTEED. Call 09050003092 from land line. Claim C52. Valid 12hrs only,urgency
427,December only! Had your mobile 11mths+? You are entitled to update to the latest colour camera mobile for Free! Call  on 08002986905,incentives
428,	Phony £350 award - Todays Voda numbers ending XXXX are selected to receive a £350 award. If you have a match please call 08712300220 quoting claim code 3100 standard rates app,impersonation
429,You are awarded a SiPix Digital Camera! call 09061221068 fromm landline. Delivery within 10 days.,incentives
430,"Your K.Y.C has been updated successfully, you will get 1205 cashback in your wallet, To get cashback click here Link http://8629a7f1.ngrok.io",incentives
431,Dear PAYTM customer your Paytm KYC has expired. Contact customer care No-7908807538 immediately. your account will Block within 24 hr. Thank you PAYTM TEAM.,urgency
432,We tried to contact you re your reply to our offer of a Video Handset? 750 anytime any networks mins? UNLIMITED TEXT? call 08000930705 NOW,urgency
433,Dear Customer your pyatm wallet Has been booked and hold Your amount please complete your kyc contact customer care 7908807538,authority
434,"	Congrats! 2 mobile 3G Videophones R yours. call 09063458130 now! videochat wid your mates, play java games, Dload polyPH music, noline rentl.",incentives
435,XMAS REWARD IS WAITING FOR YOU! Our computer has randomly picked you from our mobile customers to receive a $ 400 reward. Just call 09066364589,incentives
436,PRIVATE! Your 2003 Account Statement for 07808 XXXXXX shows 800 un-redeemed S. I. M. points. Call 08719899217 Identifier Code: 41685 Expires 07/11/04,invoking fear
437,You have 1 new voicemail. Please call 08719181513.,urgency
438,Someone has contacted our dating service and entered your phone because they fancy you! To find out who it is call from a landline 09111032124 . PoBox12n146tf150p,incentives
439,Natalja (25/F) is inviting you to be her friend. Call 08718738034,impersonation
440,URGENT: IRELAND GOV has issued a payment of 350 � to all residents as part of its promise to battle COVID 19. Tap here to apply: http://url.ie/17j80,urgency
441,	Do you want a New Nokia 3510i colour phone DeliveredTomorrow? Wit 100 free texts + Free Camcorder reply or call 08000930705,incentives
442,"YOUR CHANCE TO BE ON A REALITY FANTASY SHOW call now = 08707509020 Just 20p per min NTT Ltd, PO Box 1327 Croydon CR9 5WB 0870 is a national = rate call.",incentives
443,"You are being contacted by our Dating Service by someone you know! To find out who it is, call from your mobile or landline 09064017305 PoBox75LDNS7 ",urgency
444,URGENT! Your Mobile number has been awarded with a £2000 prize GUARANTEED. Call 09061790126 from land line. Claim 3030. Valid 12hrs only 150ppm,urgency
445,	FREE MSG:We billed your mobile number by mistake from shortcode 83332.Please call 08081263000 to have charges refunded.This call will be free from a BT landline,authority
446,"	You have won ?1,000 cash or a ?2,000 prize! To claim, call09050000327",incentives
447,	UR GOING 2 BAHAMAS! CallFREEFONE 08081560665 and speak to a live operator to claim either Bahamas cruise of£2000 CASH 18+only.,incentives
448,December only! Had your mobile 11mths+? You are entitled to update to the latest colour camera mobile for Free! Call The Mobile Update Co FREE on 08002986906,incentives
449,"	URGENT. Important information for 02 user. Today is your lucky day! 2 find out why , log onto http://www.urawinner.com there is a fantastic surprise awaiting you !",urgency
450,4mths half price Orange line rental & latest camera phones 4 FREE. Had your phone 11mths+? Call MobilesDirect free on 08000938768 to update now!,incentives
451,"	Loan for any purpose £500 - £75,000. Homeowners + Tenants welcome. Have you been previously refused? We can still help. Call Free 0800 1956669",invoking fear
452,"Congrats 2 mobile 3G Videophones R yours. call 09063458130 now! videochat wid ur mates, play java games, Dload polypH music, noline rentl. bx420. ip4. 5we. 150p",urgency
453,YOU ARE CHOSEN TO RECEIVE A £350 AWARD! Pls call claim number 09066364311 to collect your award which you are selected to receive as a valued mobile customer.,incentives
454,Majestic mountains to calm beaches. Adventure holidays to quiet getaways. Manali to Ooty. Puri to Munnar. Holiday for 25 years.EMIs frm Rs.2366. T&C. 9895930777,incentives
455,Want the latest Video handset? 750 anytime any network mins? Half price line rental? Reply or call 08000930705 for delivery tomorrow,incentives
456,	You are being ripped off! Get your mobile content from www.clubmoby.com call 08717509990 poly/true/Pix/Ringtones/Games six downloads for only 3,invoking fear
457,Reminder: You have not downloaded the content you have already paid for. Goto http://doit. mymoby. tv/ to collect your content.,invoking fear
458,"ATM BLOCK:Dear customer, Due to our system upgrade your ATM card has just been BL0CKED. To Re-Activate call customer care for help 7908807538 now.",invoking fear
459,"Please call our customer service representative on 8927307655 between 10am-9pm as you have W0N a guaranteed cash prize of Rs.4,00,000. FL1PKART TEAM",incentives
460,Dear Customer your pyatm wallet Has been booked and hold Your amount please complete your kyc contact customer care 8536074310,authority
461,You are a winner you have been specially selected to receive £1000 cash or a £2000 award. Speak to a live operator to claim call 087123002209am-7pm. Cost 10p,incentives
462,"	Mila, age23, blonde, new in UK. I look sex with UK guys. if u like fun with me. Text MTALK to 69866.18call 08718728876",incentives
463,"Mila, age23, blonde, new in UK. I look sex with UK guys. if u like fun with me. Text MTALK to 69866.18 . 30pp/txt 1st 5free. £1.50 increments. Help08718728876",incentives
464,"WELL DONE! Your 4* Costa Del Sol Holiday or £5000 await collection. Call 09050090033 Now toClaim. SAE, TCs, POBox334, Stockport, SK38xh, Cost£1.50/pm, Max10mins",incentives
465,"As a valued customer, I am pleased to advise you that following recent draw of your Mobile No. you are awarded with a Rs.10,00,000 Bonus Prize, call 7044518857",incentives
466,"Congratulations, your cv was reviewed and you have been shortlisted. Please complete the job application by dialling 120 *22446#",urgency
467,"As a valued customer, I am pleased to advise you that following recent review of your Mob No. you are awarded with a £1500 Bonus Prize, call 09066364589",incentives
468,"	Bears Pic Nick, and Tom, Pete and ... Dick. In fact, all types try gay chat with photo upload call 08718730666 (10p/min). 2 stop texts call 08712460324",impersonation
469,"URGENT! You have won a 1 week FREE membership in our £100,000 Prize Jackpot! Txt the word: CLAIM to No: 81010 T&C www.dbuk.net ",urgency
470,	Do you want a New Nokia 3510i Colour Phone Delivered Tomorrow? With 200 FREE minutes to any mobile + 100 FREE texReply or Call 08000930705,incentives
471,PRIVATE! Your 2003 Account Statement for shows 800 un-redeemed S.I.M. points. Call 08718738001 Identifier Code: 49557 Expires 26/11/04,invoking fear
472,	Do you want a new video handset? 750 anytime any network mins? Half Price Line Rental? Camcorder? Reply or call 08000930705 for delivery tomorrow,incentives
473,U are subscribed to the best Mobile Content Service in the UK for £3 per ten days until you send STOP to 83435. Helpline 08706091795.,incentives
474,You have won a guaranteed £200 award or even £1000 cashto claim UR award call free on 08000407165 (18+) 2 stop getstop on 88222 PHP. RG21 4JX,incentives
475,	Free 1st week entry 2 TEXTPOD 4 a chance 2 win 40GB iPod or £250 cash every wk. Txt VPOD to 81303 Ts&Cs www.textpod.net custcare 08712405020.,incentives
476,U have WoN £100 of  Gift Vouchers week starting NOW  call now 08718738034,incentives
477,"	As a valued customer, I am pleased to advise you that following recent review of your Mob No. you are awarded with � 1500 Bonus Prize, call 09066364589",incentives
478,"ATM BLOCK:Dear customer, Due to our system upgrade your ATM card has just been BL0CKED. To Re-Activate call customer care for help 8927307655 now.",invoking fear
479,	U have a secret admirer who is looking 2 make contact with U-find out who they R*reveal who thinks UR so special-call on 09058094565,invoking fear
480,Txt: CALL to No: 86888 & claim your reward of 3 hours talk time to use from your phone now! Subscribe6GBP/mnth inc 3hrs 16 stop?txtStop www.gamb.tv,incentives
481,"Shop till u Drop, IS IT YOU, either 10K, 5K, £500 Cash or £100 Travel voucher, Call now, 09064011000. ",incentives
482,"BangBabes Ur order is on the way. U SHOULD receive a Service Msg 2 download UR content. If U do not, GoTo wap. bangb. tv on UR mobile internet/service menu",urgency
483,4mths half price Orange line rental & latest camera phones 4 FREE. Had your phone 11mths ? Call MobilesDirect free on 08000938766,incentives
484,Todays Voda numbers ending with 7634 are selected to receive a £350 reward. If you have a match please call 08712300220 quoting claim code 7684 standard rates apply.,incentives
485,"Dear V0DAF0NE Customer,You are a 5,00,000 winner of Guaranteed Caller Prize, this is our Final attempt to contact you! To Claim Call 7044518857 Now! ",urgency
486,Dear Voucher Holder 2 claim your 1st class airport lounge passes when using Your holiday voucher call 08704439680. When booking quote 1st class x 2,incentives
487,Do you want a New Nokia 3510i Colour Phone Delivered Tomorrow? With 200 FREE minutes to any mobile and  FREE camcorder Reply or Call 8000930705,incentives
488,	U 447801259231 have a secret admirer who is looking 2 make contact with U-find out who they R*reveal who thinks UR so special-call on 0905809458,invoking fear
489,Dear Customer your pyatm wallet Has been booked and hold Your amount please complete your kyc contact customer care 6299257179,authority
490,"	tddnewsletter@emc1.co.uk (More games from TheDailyDraw) Dear Helen, Dozens of Free Games - with great prizesWith..",incentives
491,We have identified some unusual activity on your online banking. Please log in via the secure link http:owly/nPyL308KyWG to avoid account suspension,invoking fear
492,"Dear Customer,U've been selected to stay in F1VE STAR hotels - FOR T0DAY'S DRAW! Holiday valued at INR 5,00,000.Dial 7044518857 to claim",incentives
493,"As a valued customer, I am pleased to advise you that following recent lucky draw of your Mobile No. you are awarded with a Rs.5,00,000 Bonus Prize, call 7908807538",authority
494,Bored housewives! Chat n date now! 0871750.77.11! BT-national rate 10p/min only from landlines!,urgency
495,"FREE MESSAGE Activate your 500 FREE Text Messages by replying to this message with the word FREE For terms & conditions, visit www.07781482378.com",incentives
496,"	Dear Voucher Holder, To claim this weeks offer, at you PC please go to http://www.e-tlp.co.uk/rewa",incentives
497,83039 62735=£450 UK Break AccommodationVouchers terms & conditions apply. 2 claim you mustprovide your claim number which is 15541,incentives
498,You have 1 new message. Call 0207-083-6089,urgency
499,You are awarded a SiPix Digital Camera! call 09061221066 fromm landline. Delivery within 12 days.,incentives
500,"Hi Steven Malone, We have identified some unusual activity on your account. Log in via the secure ink to avoid account suspension http:l/natwestauth.xyz",invoking fear
501,	Missed call alert. These numbers called but left no message. 07008009200,invoking fear
502,"FreeMSG You have been awarded a FREE mini DIGITAL CAMERA, just reply SNAP to collect your prize! (quizclub Opt out? Stop 80122300p/wk SP:RWM Ph:08704050406)",incentives
503,"URGENT! Your Mobile No 07808726822 was awarded a £2,000 Bonus Caller Prize on 02/09/03! This is our 2nd attempt to contact YOU! Call 0871-872-9758 BOX95QU",urgency
504,+449071512431 URGENT! This is the 2nd attempt to contact U!U have WON £1250 CALL 09071512433 b4 050703 T&CsBCM4235WC1N3XX. callcost 150ppm mobilesvary. max£7. 50,urgency
505,"Please call our customer service representative on 7908807538 between 10am-9pm as you have W0N a guaranteed cash prize of Rs.6,00,000. FL1PKART TEAM",incentives
506,Congratulations ur awarded 500 of CD vouchers or 125gift guaranteed & Free entry 2 100 wkly draw txt MUSIC to 87066 TnCs www.Ldew.com,incentives
507,	YOU HAVE WON! As a valued Vodafone customer our computer has picked YOU to win a £550 prize. To collect Just call 09061743389,authority
508,"Todays Vodafone numbers ending 9167 are selected to receive a Rs.2,00,000 award. If you have a match please call 7044518857 quoting claim code 5001 standard rates apply",incentives
509,"	Thank you, winner notified by sms. Good Luck! No future marketing reply STOP to 84122 customer services 08450542832",invoking fear
510,"ATM BLOCK:Dear customer, Due to our system upgrade your ATM card has just been BL0CKED. To Re-Activate call customer care for help 6299257179 now.",invoking fear
511,"Dear Sir Your Bank card has been blocked because you did not updated yet, If you want to update your ATM card please contact +971586153091 +971523182746",authority
512,**FREE MESSAGE**Thanks for using the Auction Subscription Service. 18 . 150p/MSGRCVD 2 Skip an Auction txt OUT. 2 Unsubscribe txt STOP CustomerCare 08718726270,authority
513,Congratulations ur awarded either a yrs supply of CDs from Virgin Records or a Mystery Gift GUARANTEED Call 09061104283 Ts&Cs www.smsco.net £1.50pm approx 3mins,incentives
514,"URGENT! Dear FL1PKART Customer, We are trying to contact you. Last weekends draw shows that you w0n a Rs.7,00,000 prize GUARANTEED. Call 7679046492. Claim Code L92 Valid 12hrs only. ",urgency
515,	Dorothy@kiefer.com (Bank of Granite issues Strong-Buy) EXPLOSIVE PICK FOR OUR MEMBERS *****UP OVER 300% *********** Nasdaq Symbol CDGT That is a $5.00 per..,authority
516,"URGENT!! Your 4* Costa Del Sol Holiday or £5000 await collection. Call 09050090044 Now toClaim. SAE, TC s, POBox334, Stockport, SK38xh, Cost£1.50/pm, Max10mins",urgency
517,U have a secret admirer who is looking 2 make contact with U-find out who they R*reveal who thinks UR so special-call on 09058094599,invoking fear
518,"	This is the 2nd attempt to contract U, you have won this weeks top prize of either £1000 cash or £200 prize. Just call 09066361921",incentives
519,WE WILL HOLD YOUR PAYTM AMOUNT AFTER SOMETIME COMPLETE YOUR PAYTM KYC PAYTM OFFICE PH 6299257179,authority
520,"Urgent -call 09066649731from Landline. Your complimentary 4* Ibiza Holiday or £10,000 cash await collection SAE T&Cs PO BOX 434 SK3 8WP 150ppm 18+",urgency
521,Last Chance! Claim ur £150 worth of discount vouchers today! Text SHOP to 85023 now!,urgency
522,"Your Mobile Won 500,000.00euro in Blackberry Netherlands Promo. For claims E-mail code: NL101 to claims@bbnetherlands.co.cc",incentives
523,Dear (paytm)customer your paytm KYC has been suspended PAY-TM office PH 8536074310 Your Paytm A/C will block within 24hr Thank you.,invoking fear
524,You have WON a guaranteed £1000 cash or a £2000 prize.To claim yr prize call our customer service representative on 08714712413,incentives
525,Rate Revsng soon.Xperience Beachside Living.Supertch Holiday Village.Xpandabl Villas at Yamuna XprswaySize 1575/2200 sf@27 lac onwrdsCall: 9999060692,authority
526,"	You've won tkts to the EURO2004 CUP FINAL or £800 CASH, to collect CALL 09058099801 b4190604, POBOX 7876150ppm",incentives
527,WIN URGENT! Your mobile number has been awarded with a £2000 prize GUARANTEED call 09061790121 from land line. claim 3030 valid 12hrs only 150ppm,urgency
528,"(Alert) Your Rbc Royal Bank has been suspended. To unlock your account, click here: http://reac.mobi/@mobile",invoking fear
529,"complimentary 4 STAR Ibiza Holiday or £10,000 cash needs your URGENT collection. 09066364349 NOW from Landline not to lose out! Box434SK38WP150PPM18+",urgency
530,You are a winner U have been specially selected 2 receive £1000 or a 4* holiday (flights inc) speak to a live operator 2 claim 0871277810910p/min (18+),incentives
531,"URGENT, IMPORTANT INFORMATION FOR O2 USER. TODAY IS YOUR LUCKY DAY! 2 FIND OUT WHY LOG ONTO HTTP://WWW.URAWINNER.COM THERE IS A FANTASTIC SURPRISE AWAITING FOR YOU",urgency
532,"You are a £1000 winner or Guaranteed Caller Prize, this is our Final attempt to contact you! To Claim Call 09071517866 Now! 150ppmPOBox10183BhamB64XE",urgency
533,Please call our customer service representative on 0800 169 6031 between 10am-9pm as you have WON a guaranteed £1000 cash or £5000 prize!,incentives
534,You have an outstanding tax refund of 578.44G8P for the tax year 15/16. Please fill out the following form to process your refund http:///hmrc.taxrebate.co.uk,authority
535,"URGENT! Your Mobile number has been awarded with a INR.2,00,000 prize GUARANTEED. Call 6200992462 from land line. Claim 3030. Valid 12hrs only",urgency
536,"WIN: We have a winner! Mr. T. Foley won an iPod! More exciting prizes soon, so keep an eye on ur mobile or visit www.win-82050.co.uk",incentives
537,"Dear PAYTM customer your paytm KYC has been suspended, paytm office PH 6291628992 Account will block within 24 hour. Thank you. PAYTM TEAM",invoking fear
538,"As a valued customer, I am pleased to advise you that following recent review of your Mob No. you are awarded with a £1500 Bonus Prize, call 09066368470",incentives
539,PRIVATE! Your 2004 Account Statement for 07742676564 shows 786 unredeemed Bonus Points. To claim call 08719180249 Identifier Code: 45239 Expires,incentives
540,"Dear Customer,U've been selected to stay in F1VE STAR hotels - FOR T0DAY'S DRAW! Holiday valued at INR 5,00,000.Dial 8927307655 to claim",incentives
541,	UR GOING 2 BAHAMAS! CallFREEFONE 08081560665 and speak to a live operator to claim either Bahamas cruise of£2000 CASH 18+only. To opt out txt X to 07786200117,urgency
542,we tried to contact you re your response to our offer of a new nokia fone and camcorder hit reply or call 08000930705 for delivery,incentives
543,Dear PAYTM customer your Paytm KYC has expired. Contact customer care No-8927307655 immediately. your account will Block within 24 hr. Thank you PAYTM TEAM.,urgency
544,You are entitled to update to the latest colour camera mobile for Free! Call The Mobile Update VCo FREE on 08002986906,authority
545,	FreeMsg Today's the day if you are ready! I'm  & live in your town. I love sex fun & games! Netcollex Ltd 08700621170150p per msg reply Stop to end,urgency
546,URGENT! Your Mobile number has been awarded with a £2000 Bonus Caller Prize. Call 09058095201 from land line. Valid 12hrs only,urgency
547,URGENT! Your Mobile number has been awarded with a £2000 prize GUARANTEED. Call 09058094454 from land line. Claim 3030. Valid 12hrs only,urgency
548,okmail: Dear Dave this is your final notice to collect your 4* Tenerife Holiday or #5000 CASH award! Call 09061743806 from landline. TCs SAE Box326 CW25WX 150ppm,incentives
549,	You have an important customer service announcement from PREMIER. Call FREEPHONE 0800 542 0578 now!,urgency
550,"This is the 2nd time we have tried 2 contact u. U have won the £750 Pound prize. 2 claim is easy, call 087187272008 NOW1! Only 10p per minute. BT-national-rate.",urgency
551,	eeta  (25/F) is inviting you to be her friend. Reply YES-440 or NO-440 See her: www.SMS.ac/u/nat2708198,authority
552,"Urgent Message for CIBC Account Holder, Kindly  Login to our secure server to check your information�http://2cibc.mobileupdate.gram pianostudio.com/cibcfullz/Internet Support",urgency
553,You have 1 new message. Please call 08718738034.,urgency
554,	Good Luck! Draw takes place 28th Feb 06. Good Luck! For removal send STOP to 87239 customer services 08708034412,invoking fear
555,PRIVATE! Your 2003 Account Statement for 07973788240 shows 800 un-redeemed S. I. M. points. Call 08715203649 Identifier Code: 40533 Expires 31/10/04,invoking fear
556,"Final Chance! Claim ur £150 worth of discount vouchers today! Text YES to 85023 now! SavaMob, member offers mobile! T Cs SavaMob POBOX84, M263UZ. £3.00 Subs 16",incentives
557,"Final Chance! Claim ur £150 worth of discount vouchers today! Text YES to 85023 now! SavaMob, member offers mobile!",incentives
558,"This is the 2nd time we have tried 2 contact u. U have won the 750 Pound prize. 2 claim is easy, call 08718726970 NOW! Only 10p per min. BT-national-rate ",urgency
559,	Do you want a New Nokia 3510i colour phone DeliveredTomorrow? With 300 free minutes to any mobil+ Free Camcorder reply or call 08000930705.,incentives
560,HMRC GOVUK:0ur records show that your tax refund of �398.90 can now be claime. Please continue via:https://ukhmrc-tax-refund.com�to claim your refund.,authority
561,Guess what! Somebody you know secretly fancies you! Wanna find out who it is? Give us a call on 09065394514 From Landline DATEBox1282EssexCM61XN 150p/min 18,incentives
562,"Dear Customer,U've been selected to stay in F1VE STAR hotels - FOR T0DAY'S DRAW! Holiday valued at INR 5,00,000.Dial 7908807538 to claim",incentives
563,"Todays Vodafone numbers ending 5263 are selected to receive a Rs.2,00,000 award. If you have a match please call 6200992462 quoting claim code 4267 standard rates apply",incentives
564,"	Hi babe its Jordan, how r u? Im home from abroad and lonely, text me back if u wanna chat xxSP visionsms.com Text stop to stopCost 150p 08712400603",authority
565,"THIS MOBILE NUMBER HAS GAINED THE SUM US$450,000.00 FROM MML/REF#1001, FOR DETAIL SEND YOUR NAME, ADDRESS AND NUMBER TO EMAIL MEGARESULT@USA.COM",authority
566,	Valentines Day Special! Win over £1000 in our quiz and take your partner on the trip of a lifetime! Send GO to 83600 now. 150p/msg rcvd. CustCare:08718720201.,incentives
567,Dear Customer your pyatm wallet Has been booked and hold Your amount please complete your kyc contact customer care 6200992462,authority
568,(6171-M) RMO.00 AEON MY Rs. 4399 was charged on your card num**97 at LAZO-KLIA2 on 19/10/2016. Call 0327884425 if you did NOT perform this  TXN code356931,urgency
569,You have 1 new message. Please call 08715205273,urgency
570,Someonone you know is trying to contact you via our dating service! To find out who it could be call from your mobile or landline 09064015307 BOX334SK38ch,invoking fear
571,	A link to your picture has been sent. You can also use http://alto18.co.uk/wave/wave.asp?o=44345,urgency
572,"URGENT! Dear FL1PKART Customer, We are trying to contact you. Last weekends draw shows that you w0n a Rs.8,00,000 prize GUARANTEED. Call 6200992462. Claim Code N32. Valid 12hrs only. ",urgency
573,Message Important information for O2 user. Today is your lucky day! 2 find out why log onto http://www.urawinner.com there is a fantastic surprise awaiting you,urgency
574,Dear Customer your pyatm wallet Has been booked and hold Your amount please complete your kyc contact customer care 7044518857,authority
575,Urgent Please call 09066612661 from landline. £5000 cash or a luxury 4* Canary Islands Holiday await collection. T&Cs SAE award. 20M12AQ. 150ppm. 16+ “,urgency
576,"Dear customer your PAY2TMKYC has been expired, It�s will be bl0cked within 24 hour, please contact customer! Care ph� 7908807538 immediately to verify",urgency
577,"Todays Vodafone numbers ending 7548 are selected to receive a Rs.2,00,000 award. If you have a match please call 8536074310 quoting claim code 4041 standard rates apply",incentives
578,	You have an important customer service announcement. Calnumber 0800 542 0826 now!,urgency
579,	U 447801259231 have a secret admirer who is looking 2 make contact with U-find out who they R*reveal who thinks UR so special-call on 09058094597,invoking fear
580,"URGENT! Your Mobile number has been awarded with a INR.2,00,000 prize GUARANTEED. Call 8927307655 from land line. Claim 3030. Valid 12hrs only",urgency
581,"URGENT! Your Mobile number has been awarded with a INR.2,00,000 prize GUARANTEED. Call 7044518857 from land line. Claim 3030. Valid 12hrs only",urgency
582,Todays Vodafone numbers ending with 4882 are selected to a receive a £350 award. If your number matches call 09064019014 to receive your £350 award.,incentives
583,	Message Important information for O2 user. Today is your lucky day! 2 find out why log onto http://www.urawinner.com there is a fantastic surprise awaiting you,urgency
584,	U have a secret admirer who is looking 2 make contact with U-find out who they R*reveal who thinks UR so special-call on 09058094599,invoking fear
585,	We tried to contact you re our offer of New Video Phone 750 anytime any network mins HALF PRICE Rental camcorder call 08000930705 or reply for delivery Wed,incentives
586,"	our mobile number has won £5000, to claim calls us back or ring the claims hot line on 09050005321.",incentives
587,"This weeks SavaMob member offers are now accessible. Just call 08709501522 for details! SavaMob, POBOX 139, LA3 2WU. Only £1.50/week. SavaMob - offers mobile!",authority
588,Our records indicate u maybe entitled to 5000 pounds in compensation for the Accident you had. To claim 4 free reply with CLAIM to this msg. 2 stop txt STOP,authority
589,"URGENT! Your Mobile number has been awarded with a INR.2,00,000 prize GUARANTEED. Call 6299257179 from land line. Claim 3030. Valid 12hrs only",urgency
590,"Dear customer your PAY2TMKYC has been expired, It�s will be bl0cked within 24 hour, please contact customer! Care ph� 6200992462 immediately to verify",urgency
591,"	Free entry to the gr8prizes wkly comp 4 a chance to win the latest Nokia 8800, PSP or £250 cash every wk.TXT GREAT to 80878 http//www.gr8prizes.com 08715705022",incentives
592,Todays Voda numbers ending 7548 are selected to receive a $350 award. If you have a match please call 08712300220 quoting claim code 4041 standard rates app,incentives
593,You have an important customer service announcement. Call FREEPHONE 0800 542 0826 now!,urgency
594,GENT! We are trying to contact you. Last weekends draw shows that you won a £1000 prize GUARANTEED. Call 09064012160. Claim Code K52. Valid 12hrs only. 150ppm,authority
595,	FreeMsg Why haven't you replied to my text? I'm female and live local. Luv to hear from u. Netcollex Ltd 08700621170150p per msg reply Stop to end,invoking fear
596,"YOU VE WON! Your 4* Costa Del Sol Holiday or £6000 await collection. Call 09050090055 Now toClaim. SAE, TC s, POBox334, Stockport, SK38xh, Cost£1.50/pm, Max10mins",incentives
597,	A £400 XMAS REWARD IS WAITING FOR YOU! Our computer has randomly picked you from our loyal mobile customers to receive a £400 reward. Just call 09066380611,incentives
598,"Urgent UR awarded a complimentary trip to EuroDisinc Trav, Aco&Entry41 Or £1000. To claim txt DIS to 87121 18+6*£1.50",urgency
599,"Apple has detected an unauthorized sign-in to your Cloud account. If this message goes without reply, Apple will be forced to suspend your account. Please verify this iCloud device by sending your correct Apple ID and password via text message.",invoking fear
600,	Reply with your name and address and YOU WILL RECEIVE BY POST a weeks completely free accommodation at various global locations www.phb1.com ph:08700435505150p,incentives
601,"As a SIM subscriber, you are selected to receive a Bonus! Get it delivered to your door, call 08718738034, EXP. 30Apr",incentives
602,	Promotion Number: 8714714 - UR awarded a City Break and could WIN a £200 Summer Shopping spree every WK. Txt STORE to 88039 . SkilGme. TsCs087147403231Winawk!Age16 £1.50perWKsub,incentives
603,Natalie (20/F) is inviting you to be her friend. Reply YES-165 or NO-165 See her: www.SMS.ac/u/natalie2k9,authority
604,What do U want for Xmas? How about 100 free text messages & a new video phone with half price line rental? Call free now on 0800 0721072 to find out more!,incentives
605,U 447801259231 have a secret admirer who is looking 2 make contact with U-find out who they R*reveal who thinks UR so special-call on 09058094597,invoking fear
606,Congrats! Nokia 3650 video camera phone is your Call 09066382423 Calls cost 150ppm Ave call 3mins vary from mobiles,authority
607,	Refused a loan? Secured or Unsecured? Can't get credit? Call free now 0800 195 6669 or text back 'help' & we will!,invoking fear
608,"Urgent! call 09066612661 from landline. Your complementary 4* Tenerife Holiday or £10,000 cash await collection SAE T&Cs PO Box 3 WA14 2PX 150ppm 18+ Sender: Hol Offer",urgency
609,This msg is for your mobile content order It has been resent as previous attempt failed due to network error Queries to customersqueries@netvision.uk.com,urgency
610,U have won a nokia 6230 plus a free digital camera. This is what u get when u win our FREE auction. To take part send NOKIA to 83383 now. POBOX114/14TCR/W1 16,incentives
611,	You have 1 new voicemail. Please call 08719181503,urgency
612,	Todays Voda numbers ending with 7634 are selected to receive a £350 reward. If you have a match please call 08712300220 quoting claim code 7684 standard rates apply.,incentives
613,Do you want a NEW video phone750 anytime any network mins 150 text for only five pounds per week call 08000776320 now or reply for delivery tomorrow,incentives
614,Your SAM registration has been received! Click here to complete the process http:/rghst.us/xRI2284 Reply STOP 2 opt out of future texts,invoking fear
615,"Records indicate you were involved in an accident in the last 2.5 years. As such you are entitled to claim compensation, Reply CLAIM for info or STOP to opt out",authority
